0;0;1;127; ;17;ÿ;2;ò;3;
0;0;2;209; ;32;ÿ;4;ò;8;
0;0;3;69; ;5;ÿ;1;ò;1;
0;0;4;35; ;1;ÿ;0;ò;2;
0;0;5;102; ;13;ÿ;1;ò;2;
0;0;6;315; ;45;ÿ;4;ò;13;
0;0;7;45; ;3;ÿ;1;ò;1;
0;0;8;83; ;6;ÿ;1;ò;4;
0;0;9;166; ;25;ÿ;3;ò;5;
0;0;10;643; ;98;ÿ;14;ò;24;
0;1;1;93; ;9;ÿ;1;ò;4;
0;1;2;46; ;1;ÿ;0;ò;1;
0;1;3;194; ;26;ÿ;6;ò;5;
0;1;4;51; ;3;ÿ;1;ò;0;
0;1;5;216; ;29;ÿ;1;ò;8;
0;1;6;64; ;4;ÿ;1;ò;2;
0;1;7;75; ;6;ÿ;1;ò;2;
0;1;8;130; ;14;ÿ;0;ò;8;
0;1;9;179; ;26;ÿ;6;ò;9;
0;1;10;102; ;10;ÿ;4;ò;5;
0;2;1;317; ;49;ÿ;5;ò;16;
0;2;2;92; ;5;ÿ;0;ò;1;
0;2;3;37; ;2;ÿ;0;ò;0;
0;2;4;84; ;9;ÿ;0;ò;1;
0;2;5;262; ;40;ÿ;5;ò;11;
0;2;6;143; ;19;ÿ;1;ò;4;
0;2;7;77; ;4;ÿ;1;ò;1;
0;2;8;247; ;32;ÿ;5;ò;7;
0;2;9;139; ;15;ÿ;4;ò;3;
0;2;10;198; ;28;ÿ;3;ò;7;
0;3;1;184; ;25;ÿ;2;ò;6;
0;3;2;116; ;11;ÿ;0;ò;1;
0;3;3;59; ;3;ÿ;2;ò;1;
0;3;4;93; ;9;ÿ;1;ò;3;
0;3;5;148; ;22;ÿ;3;ò;7;
0;3;6;46; ;2;ÿ;0;ò;1;
0;3;7;125; ;15;ÿ;2;ò;2;
0;3;8;51; ;3;ÿ;1;ò;1;
0;3;9;91; ;8;ÿ;0;ò;4;
0;3;10;87; ;11;ÿ;1;ò;5;
0;4;1;22; ;0;ÿ;0;ò;0;
0;4;2;206; ;29;ÿ;1;ò;7;
0;4;3;231; ;32;ÿ;6;ò;8;
0;4;4;125; ;13;ÿ;4;ò;3;
0;4;5;378; ;58;ÿ;14;ò;18;
0;4;6;58; ;5;ÿ;0;ò;1;
0;4;7;66; ;6;ÿ;1;ò;1;
0;4;8;46; ;3;ÿ;0;ò;1;
0;4;9;199; ;30;ÿ;3;ò;12;
0;4;10;111; ;9;ÿ;0;ò;4;
0;5;1;73; ;8;ÿ;0;ò;4;
0;5;2;283; ;43;ÿ;5;ò;12;
0;5;3;150; ;19;ÿ;5;ò;4;
0;5;4;91; ;7;ÿ;1;ò;4;
0;5;5;37; ;1;ÿ;0;ò;1;
0;5;6;37; ;0;ÿ;0;ò;1;
0;5;7;47; ;3;ÿ;0;ò;2;
0;5;8;58; ;5;ÿ;1;ò;1;
0;5;9;154; ;17;ÿ;5;ò;7;
0;5;10;50; ;3;ÿ;0;ò;0;
0;6;1;45; ;1;ÿ;0;ò;1;
0;6;2;49; ;3;ÿ;0;ò;1;
0;6;3;47; ;3;ÿ;0;ò;1;
0;6;4;138; ;19;ÿ;4;ò;3;
0;6;5;180; ;22;ÿ;1;ò;4;
0;6;6;159; ;24;ÿ;4;ò;5;
0;6;7;42; ;1;ÿ;0;ò;1;
0;6;8;296; ;45;ÿ;5;ò;14;
0;6;9;135; ;19;ÿ;3;ò;7;
0;6;10;46; ;3;ÿ;0;ò;2;
0;7;1;38; ;1;ÿ;0;ò;0;
0;7;2;116; ;12;ÿ;6;ò;4;
0;7;3;59; ;3;ÿ;0;ò;3;
0;7;4;86; ;12;ÿ;2;ò;1;
0;7;5;43; ;2;ÿ;0;ò;1;
0;7;6;287; ;43;ÿ;8;ò;15;
0;7;7;209; ;30;ÿ;5;ò;6;
0;7;8;95; ;11;ÿ;1;ò;1;
0;7;9;512; ;79;ÿ;8;ò;14;
0;7;10;150; ;20;ÿ;3;ò;3;
0;8;1;220; ;27;ÿ;4;ò;8;
0;8;2;47; ;3;ÿ;0;ò;1;
0;8;3;227; ;27;ÿ;4;ò;10;
0;8;4;766; ;115;ÿ;17;ò;29;
0;8;5;387; ;57;ÿ;9;ò;14;
0;8;6;22; ;0;ÿ;0;ò;0;
0;8;7;149; ;20;ÿ;2;ò;3;
0;8;8;569; ;85;ÿ;12;ò;19;
0;8;9;164; ;20;ÿ;4;ò;8;
0;8;10;198; ;30;ÿ;2;ò;8;
0;9;1;101; ;9;ÿ;2;ò;3;
0;9;2;46; ;3;ÿ;0;ò;0;
0;9;3;178; ;19;ÿ;3;ò;11;
0;9;4;165; ;20;ÿ;3;ò;7;
0;9;5;295; ;40;ÿ;6;ò;12;
0;9;6;34; ;0;ÿ;0;ò;0;
0;9;7;180; ;22;ÿ;1;ò;7;
0;9;8;127; ;18;ÿ;2;ò;4;
0;9;9;124; ;13;ÿ;4;ò;9;
0;9;10;63; ;5;ÿ;0;ò;0;
0;10;1;36; ;1;ÿ;1;ò;2;
1;0;2;50; ;3;ÿ;0;ò;1;
1;0;3;287; ;43;ÿ;5;ò;15;
1;0;4;383; ;58;ÿ;9;ò;21;
1;0;5;49; ;3;ÿ;0;ò;1;
1;0;6;60; ;4;ÿ;1;ò;1;
1;0;7;133; ;13;ÿ;1;ò;4;
1;0;8;121; ;16;ÿ;2;ò;4;
1;0;9;140; ;16;ÿ;4;ò;9;
1;0;10;52; ;5;ÿ;0;ò;2;
1;1;1;84; ;7;ÿ;2;ò;0;
1;1;2;43; ;2;ÿ;0;ò;1;
1;1;3;451; ;61;ÿ;6;ò;16;
1;1;4;195; ;24;ÿ;3;ò;4;
1;1;5;73; ;6;ÿ;0;ò;3;
1;1;6;134; ;17;ÿ;3;ò;5;
1;1;7;167; ;23;ÿ;5;ò;10;
1;1;8;40; ;2;ÿ;0;ò;0;
1;1;9;47; ;2;ÿ;0;ò;1;
1;1;10;50; ;2;ÿ;0;ò;2;
1;2;1;88; ;11;ÿ;1;ò;1;
1;2;2;50; ;3;ÿ;0;ò;1;
1;2;3;55; ;2;ÿ;0;ò;2;
1;2;4;126; ;13;ÿ;2;ò;6;
1;2;5;66; ;4;ÿ;0;ò;3;
1;2;6;164; ;20;ÿ;1;ò;5;
1;2;7;492; ;76;ÿ;11;ò;20;
1;2;8;42; ;2;ÿ;0;ò;0;
1;2;9;116; ;10;ÿ;2;ò;4;
1;2;10;145; ;20;ÿ;2;ò;4;
1;3;1;151; ;21;ÿ;5;ò;2;
1;3;2;481; ;64;ÿ;8;ò;16;
1;3;3;332; ;44;ÿ;4;ò;13;
1;3;4;60; ;4;ÿ;0;ò;0;
1;3;5;22; ;0;ÿ;0;ò;0;
1;3;6;25; ;2;ÿ;0;ò;0;
1;3;7;4; ;1;ÿ;0;ò;0;
1;3;8;9; ;0;ÿ;0;ò;0;
1;3;9;4; ;0;ÿ;0;ò;0;
1;3;10;11; ;0;ÿ;0;ò;0;
1;4;1;403; ;51;ÿ;11;ò;19;
1;4;2;197; ;32;ÿ;2;ò;9;
1;4;3;718; ;109;ÿ;9;ò;34;
1;4;4;305; ;46;ÿ;7;ò;8;
1;4;5;43; ;2;ÿ;0;ò;0;
1;4;6;65; ;4;ÿ;0;ò;0;
1;4;7;86; ;7;ÿ;0;ò;5;
1;4;8;157; ;16;ÿ;1;ò;9;
1;4;9;103; ;13;ÿ;2;ò;5;
1;4;10;145; ;20;ÿ;6;ò;5;
1;5;1;506; ;68;ÿ;20;ò;19;
1;5;2;66; ;5;ÿ;2;ò;1;
1;5;3;251; ;37;ÿ;2;ò;8;
1;5;4;64; ;3;ÿ;2;ò;1;
1;5;5;75; ;7;ÿ;2;ò;1;
1;5;6;59; ;3;ÿ;1;ò;1;
1;5;7;84; ;9;ÿ;4;ò;1;
1;5;8;75; ;6;ÿ;4;ò;3;
1;5;9;112; ;15;ÿ;2;ò;5;
1;5;10;99; ;11;ÿ;1;ò;4;
1;6;1;80; ;7;ÿ;1;ò;2;
1;6;2;136; ;21;ÿ;2;ò;2;
1;6;3;60; ;3;ÿ;1;ò;2;
1;6;4;47; ;2;ÿ;0;ò;1;
1;6;5;164; ;22;ÿ;0;ò;4;
1;6;6;141; ;19;ÿ;2;ò;7;
1;6;7;225; ;34;ÿ;6;ò;9;
1;6;8;61; ;5;ÿ;1;ò;3;
1;6;9;36; ;1;ÿ;0;ò;0;
1;6;10;36; ;0;ÿ;0;ò;0;
1;7;1;52; ;3;ÿ;1;ò;1;
1;7;2;71; ;7;ÿ;1;ò;2;
1;7;3;55; ;4;ÿ;0;ò;1;
1;7;4;49; ;5;ÿ;0;ò;1;
1;7;5;22; ;0;ÿ;0;ò;0;
1;7;6;284; ;40;ÿ;7;ò;11;
1;7;7;133; ;14;ÿ;2;ò;2;
1;7;8;662; ;97;ÿ;13;ò;24;
1;7;9;207; ;30;ÿ;2;ò;7;
1;7;10;192; ;25;ÿ;4;ò;8;
1;8;1;147; ;19;ÿ;2;ò;7;
1;8;2;76; ;6;ÿ;0;ò;2;
1;8;3;105; ;13;ÿ;3;ò;3;
1;8;4;97; ;11;ÿ;0;ò;3;
1;8;5;136; ;16;ÿ;4;ò;2;
1;8;6;54; ;4;ÿ;1;ò;0;
1;8;7;113; ;12;ÿ;4;ò;5;
1;8;8;64; ;5;ÿ;1;ò;3;
1;8;9;112; ;16;ÿ;2;ò;4;
1;8;10;42; ;2;ÿ;0;ò;0;
1;9;1;151; ;20;ÿ;1;ò;4;
1;9;2;45; ;2;ÿ;0;ò;2;
1;9;3;51; ;3;ÿ;2;ò;1;
1;9;4;67; ;5;ÿ;2;ò;0;
1;9;5;62; ;4;ÿ;0;ò;1;
1;9;6;43; ;3;ÿ;1;ò;0;
1;9;7;44; ;2;ÿ;1;ò;1;
1;9;8;80; ;10;ÿ;2;ò;2;
1;9;9;72; ;8;ÿ;0;ò;2;
1;9;10;44; ;2;ÿ;0;ò;1;
1;10;1;57; ;3;ÿ;0;ò;1;
2;0;2;130; ;14;ÿ;0;ò;5;
2;0;3;61; ;6;ÿ;1;ò;2;
2;0;4;58; ;5;ÿ;0;ò;2;
2;0;5;81; ;7;ÿ;0;ò;1;
2;0;6;79; ;9;ÿ;1;ò;4;
2;0;7;64; ;4;ÿ;1;ò;2;
2;0;8;51; ;4;ÿ;1;ò;0;
2;0;9;48; ;1;ÿ;0;ò;0;
2;0;10;438; ;67;ÿ;9;ò;23;
2;1;1;37; ;0;ÿ;0;ò;0;
2;1;2;51; ;4;ÿ;0;ò;1;
2;1;3;46; ;1;ÿ;0;ò;1;
2;1;4;543; ;81;ÿ;15;ò;23;
2;1;5;131; ;17;ÿ;1;ò;1;
2;1;6;50; ;2;ÿ;0;ò;0;
2;1;7;268; ;37;ÿ;8;ò;11;
2;1;8;89; ;7;ÿ;2;ò;2;
2;1;9;80; ;5;ÿ;0;ò;0;
2;1;10;62; ;8;ÿ;0;ò;1;
2;2;1;64; ;6;ÿ;1;ò;0;
2;2;2;141; ;18;ÿ;5;ò;5;
2;2;3;124; ;18;ÿ;3;ò;6;
2;2;4;86; ;7;ÿ;2;ò;0;
2;2;5;73; ;7;ÿ;2;ò;2;
2;2;6;82; ;9;ÿ;1;ò;1;
2;2;7;35; ;1;ÿ;0;ò;1;
2;2;8;48; ;1;ÿ;0;ò;1;
2;2;9;38; ;2;ÿ;0;ò;0;
2;2;10;136; ;17;ÿ;2;ò;9;
2;3;1;185; ;30;ÿ;7;ò;10;
2;3;2;56; ;4;ÿ;3;ò;1;
2;3;3;39; ;2;ÿ;0;ò;0;
2;3;4;87; ;10;ÿ;0;ò;5;
2;3;5;22; ;0;ÿ;0;ò;0;
2;3;6;58; ;5;ÿ;2;ò;3;
2;3;7;261; ;36;ÿ;6;ò;15;
2;3;8;298; ;43;ÿ;3;ò;7;
2;3;9;44; ;1;ÿ;0;ò;0;
2;3;10;294; ;34;ÿ;7;ò;11;
2;4;1;1003; ;157;ÿ;18;ò;40;
2;4;2;231; ;34;ÿ;5;ò;9;
2;4;3;102; ;10;ÿ;1;ò;1;
2;4;4;250; ;37;ÿ;3;ò;13;
2;4;5;50; ;2;ÿ;0;ò;0;
2;4;6;76; ;7;ÿ;1;ò;1;
2;4;7;58; ;6;ÿ;0;ò;3;
2;4;8;84; ;7;ÿ;2;ò;0;
2;4;9;88; ;9;ÿ;2;ò;3;
2;4;10;54; ;3;ÿ;0;ò;3;
2;5;1;115; ;12;ÿ;4;ò;3;
2;5;2;93; ;7;ÿ;1;ò;2;
2;5;3;86; ;9;ÿ;2;ò;3;
2;5;4;92; ;9;ÿ;2;ò;0;
2;5;5;498; ;81;ÿ;8;ò;19;
2;5;6;50; ;1;ÿ;0;ò;1;
2;5;7;131; ;17;ÿ;2;ò;5;
2;5;8;53; ;1;ÿ;0;ò;3;
2;5;9;104; ;13;ÿ;3;ò;5;
2;5;10;149; ;13;ÿ;1;ò;3;
2;6;1;219; ;29;ÿ;2;ò;5;
2;6;2;198; ;26;ÿ;3;ò;9;
2;6;3;220; ;35;ÿ;2;ò;4;
2;6;4;127; ;12;ÿ;1;ò;2;
2;6;5;96; ;10;ÿ;0;ò;2;
2;6;6;99; ;9;ÿ;0;ò;2;
2;6;7;112; ;14;ÿ;2;ò;5;
2;6;8;136; ;13;ÿ;2;ò;2;
2;6;9;129; ;20;ÿ;2;ò;2;
2;6;10;58; ;4;ÿ;0;ò;3;
2;7;1;92; ;10;ÿ;2;ò;2;
2;7;2;66; ;5;ÿ;1;ò;3;
2;7;3;98; ;10;ÿ;0;ò;5;
2;7;4;80; ;9;ÿ;1;ò;1;
2;7;5;60; ;5;ÿ;1;ò;0;
2;7;6;61; ;6;ÿ;1;ò;2;
2;7;7;44; ;1;ÿ;1;ò;0;
2;7;8;239; ;41;ÿ;5;ò;2;
2;7;9;47; ;1;ÿ;1;ò;0;
2;7;10;100; ;13;ÿ;0;ò;1;
2;8;1;59; ;3;ÿ;0;ò;2;
2;8;2;22; ;0;ÿ;0;ò;0;
2;8;3;235; ;34;ÿ;5;ò;5;
2;8;4;306; ;48;ÿ;9;ò;9;
2;8;5;182; ;26;ÿ;4;ò;6;
2;8;6;54; ;5;ÿ;1;ò;2;
2;8;7;43; ;1;ÿ;1;ò;0;
2;8;8;107; ;10;ÿ;2;ò;4;
2;8;9;61; ;3;ÿ;0;ò;4;
2;8;10;73; ;8;ÿ;0;ò;4;
2;9;1;51; ;4;ÿ;1;ò;2;
2;9;2;57; ;5;ÿ;0;ò;1;
2;9;3;91; ;12;ÿ;1;ò;2;
2;9;4;121; ;18;ÿ;1;ò;3;
2;9;5;80; ;6;ÿ;1;ò;2;
2;9;6;221; ;34;ÿ;2;ò;13;
2;9;7;138; ;17;ÿ;2;ò;4;
2;9;8;93; ;9;ÿ;0;ò;5;
2;9;9;326; ;48;ÿ;5;ò;7;
2;9;10;66; ;5;ÿ;1;ò;3;
2;10;1;195; ;23;ÿ;3;ò;8;
3;0;2;557; ;90;ÿ;13;ò;26;
3;0;3;177; ;24;ÿ;3;ò;5;
3;0;4;147; ;18;ÿ;1;ò;4;
3;0;5;926; ;144;ÿ;16;ò;49;
3;0;6;202; ;26;ÿ;1;ò;4;
3;0;7;257; ;35;ÿ;3;ò;9;
3;0;8;560; ;88;ÿ;6;ò;24;
3;0;9;80; ;9;ÿ;2;ò;0;
3;0;10;39; ;1;ÿ;0;ò;0;
3;1;1;58; ;4;ÿ;2;ò;2;
3;1;2;45; ;1;ÿ;0;ò;2;
3;1;3;238; ;41;ÿ;4;ò;12;
3;1;4;677; ;99;ÿ;12;ò;19;
3;1;5;189; ;23;ÿ;4;ò;1;
3;1;6;326; ;48;ÿ;8;ò;21;
3;1;7;114; ;11;ÿ;5;ò;0;
3;1;8;104; ;12;ÿ;1;ò;5;
3;1;9;127; ;14;ÿ;2;ò;7;
3;1;10;94; ;10;ÿ;0;ò;4;
3;2;1;150; ;23;ÿ;4;ò;5;
3;2;2;79; ;8;ÿ;3;ò;3;
3;2;3;311; ;42;ÿ;6;ò;13;
3;2;4;32; ;1;ÿ;0;ò;0;
3;2;5;51; ;3;ÿ;0;ò;1;
3;2;6;134; ;12;ÿ;1;ò;4;
3;2;7;37; ;1;ÿ;0;ò;1;
3;2;8;49; ;2;ÿ;0;ò;1;
3;2;9;52; ;4;ÿ;0;ò;2;
3;2;10;273; ;40;ÿ;5;ò;17;
3;3;1;64; ;5;ÿ;0;ò;1;
3;3;2;210; ;28;ÿ;1;ò;5;
3;3;3;22; ;0;ÿ;0;ò;0;
3;3;4;25; ;2;ÿ;0;ò;0;
3;3;5;4; ;1;ÿ;0;ò;0;
3;3;6;10; ;0;ÿ;0;ò;0;
3;3;7;4; ;0;ÿ;0;ò;0;
3;3;8;11; ;0;ÿ;0;ò;0;
3;3;9;220; ;34;ÿ;4;ò;7;
3;3;10;110; ;13;ÿ;1;ò;4;
3;4;1;398; ;58;ÿ;2;ò;21;
3;4;2;255; ;37;ÿ;5;ò;7;
3;4;3;470; ;70;ÿ;7;ò;16;
3;4;4;114; ;15;ÿ;1;ò;2;
3;4;5;53; ;2;ÿ;0;ò;1;
3;4;6;126; ;16;ÿ;3;ò;3;
3;4;7;52; ;4;ÿ;0;ò;2;
3;4;8;70; ;7;ÿ;2;ò;2;
3;4;9;374; ;56;ÿ;9;ò;26;
3;4;10;46; ;2;ÿ;1;ò;1;
3;5;1;300; ;43;ÿ;6;ò;17;
3;5;2;349; ;55;ÿ;5;ò;8;
3;5;3;128; ;19;ÿ;0;ò;3;
3;5;4;143; ;12;ÿ;0;ò;5;
3;5;5;56; ;3;ÿ;0;ò;2;
3;5;6;146; ;18;ÿ;1;ò;9;
3;5;7;91; ;8;ÿ;3;ò;1;
3;5;8;573; ;88;ÿ;11;ò;30;
3;5;9;282; ;37;ÿ;9;ò;9;
3;5;10;333; ;47;ÿ;4;ò;7;
3;6;1;64; ;8;ÿ;2;ò;1;
3;6;2;383; ;49;ÿ;5;ò;11;
3;6;3;50; ;2;ÿ;0;ò;0;
3;6;4;100; ;11;ÿ;3;ò;1;
3;6;5;63; ;4;ÿ;0;ò;3;
3;6;6;127; ;12;ÿ;4;ò;3;
3;6;7;63; ;5;ÿ;1;ò;1;
3;6;8;284; ;40;ÿ;3;ò;6;
3;6;9;134; ;15;ÿ;0;ò;6;
3;6;10;304; ;45;ÿ;6;ò;10;
3;7;1;159; ;20;ÿ;2;ò;4;
3;7;2;98; ;12;ÿ;2;ò;6;
3;7;3;614; ;88;ÿ;18;ò;25;
3;7;4;160; ;19;ÿ;3;ò;5;
3;7;5;105; ;13;ÿ;2;ò;4;
3;7;6;46; ;2;ÿ;1;ò;0;
3;7;7;278; ;34;ÿ;4;ò;10;
3;7;8;359; ;46;ÿ;5;ò;13;
3;7;9;313; ;49;ÿ;7;ò;15;
3;7;10;278; ;38;ÿ;4;ò;18;
3;8;1;279; ;37;ÿ;2;ò;10;
3;8;2;111; ;11;ÿ;2;ò;3;
3;8;3;22; ;0;ÿ;0;ò;0;
3;8;4;51; ;3;ÿ;0;ò;1;
3;8;5;49; ;6;ÿ;0;ò;1;
3;8;6;37; ;2;ÿ;0;ò;0;
3;8;7;38; ;2;ÿ;0;ò;1;
3;8;8;45; ;3;ÿ;1;ò;1;
3;8;9;45; ;3;ÿ;0;ò;1;
3;8;10;37; ;2;ÿ;0;ò;0;
3;9;1;49; ;3;ÿ;0;ò;3;
3;9;2;43; ;1;ÿ;2;ò;1;
3;9;3;37; ;2;ÿ;0;ò;0;
3;9;4;52; ;3;ÿ;1;ò;2;
3;9;5;52; ;4;ÿ;1;ò;1;
3;9;6;37; ;2;ÿ;0;ò;0;
3;9;7;42; ;3;ÿ;0;ò;1;
3;9;8;22; ;0;ÿ;0;ò;0;
3;9;9;110; ;15;ÿ;2;ò;2;
3;9;10;177; ;25;ÿ;3;ò;2;
3;10;1;80; ;8;ÿ;1;ò;0;
4;0;2;49; ;2;ÿ;1;ò;0;
4;0;3;94; ;9;ÿ;2;ò;5;
4;0;4;231; ;33;ÿ;2;ò;8;
4;0;5;69; ;3;ÿ;0;ò;3;
4;0;6;192; ;22;ÿ;5;ò;3;
4;0;7;59; ;3;ÿ;0;ò;0;
4;0;8;353; ;49;ÿ;8;ò;9;
4;0;9;168; ;22;ÿ;2;ò;7;
4;0;10;81; ;5;ÿ;3;ò;1;
4;1;1;89; ;7;ÿ;0;ò;3;
4;1;2;22; ;0;ÿ;0;ò;0;
4;1;3;58; ;6;ÿ;0;ò;1;
4;1;4;48; ;5;ÿ;0;ò;2;
4;1;5;22; ;0;ÿ;0;ò;0;
4;1;6;280; ;39;ÿ;5;ò;7;
4;1;7;149; ;18;ÿ;0;ò;4;
4;1;8;34; ;0;ÿ;0;ò;1;
4;1;9;80; ;6;ÿ;0;ò;1;
4;1;10;152; ;18;ÿ;4;ò;4;
4;2;1;132; ;12;ÿ;0;ò;3;
4;2;2;180; ;19;ÿ;3;ò;8;
4;2;3;155; ;20;ÿ;3;ò;4;
4;2;4;93; ;8;ÿ;1;ò;3;
4;2;5;408; ;55;ÿ;12;ò;10;
4;2;6;195; ;22;ÿ;4;ò;5;
4;2;7;22; ;0;ÿ;0;ò;0;
4;2;8;45; ;3;ÿ;0;ò;1;
4;2;9;42; ;2;ÿ;0;ò;0;
4;2;10;49; ;1;ÿ;1;ò;2;
4;3;1;43; ;3;ÿ;0;ò;2;
4;3;2;22; ;0;ÿ;0;ò;0;
4;3;3;689; ;92;ÿ;13;ò;34;
4;3;4;57; ;5;ÿ;2;ò;1;
4;3;5;22; ;0;ÿ;0;ò;0;
4;3;6;45; ;3;ÿ;0;ò;1;
4;3;7;42; ;2;ÿ;1;ò;0;
4;3;8;45; ;3;ÿ;0;ò;0;
4;3;9;45; ;3;ÿ;0;ò;0;
4;3;10;22; ;0;ÿ;0;ò;0;
4;4;1;127; ;16;ÿ;3;ò;2;
4;4;2;325; ;50;ÿ;8;ò;8;
4;4;3;187; ;25;ÿ;7;ò;4;
4;4;4;92; ;10;ÿ;1;ò;4;
4;4;5;162; ;21;ÿ;4;ò;5;
4;4;6;120; ;13;ÿ;1;ò;2;
4;4;7;60; ;3;ÿ;1;ò;0;
4;4;8;41; ;2;ÿ;0;ò;1;
4;4;9;89; ;8;ÿ;1;ò;0;
4;4;10;114; ;15;ÿ;3;ò;3;
4;5;1;86; ;7;ÿ;0;ò;1;
4;5;2;51; ;2;ÿ;1;ò;0;
4;5;3;50; ;2;ÿ;1;ò;1;
4;5;4;265; ;35;ÿ;11;ò;13;
4;5;5;163; ;24;ÿ;5;ò;4;
4;5;6;103; ;9;ÿ;1;ò;5;
4;5;7;65; ;9;ÿ;1;ò;0;
4;5;8;62; ;4;ÿ;2;ò;1;
4;5;9;37; ;1;ÿ;0;ò;0;
4;5;10;49; ;2;ÿ;0;ò;2;
4;6;1;81; ;8;ÿ;2;ò;2;
4;6;2;67; ;5;ÿ;0;ò;2;
4;6;3;182; ;22;ÿ;3;ò;4;
4;6;4;100; ;10;ÿ;1;ò;3;
4;6;5;64; ;7;ÿ;0;ò;1;
4;6;6;130; ;18;ÿ;3;ò;2;
4;6;7;149; ;15;ÿ;2;ò;8;
4;6;8;226; ;32;ÿ;8;ò;12;
4;6;9;81; ;8;ÿ;2;ò;6;
4;6;10;389; ;56;ÿ;8;ò;13;
4;7;1;106; ;12;ÿ;2;ò;2;
4;7;2;50; ;3;ÿ;0;ò;0;
4;7;3;109; ;14;ÿ;1;ò;0;
4;7;4;40; ;1;ÿ;0;ò;0;
4;7;5;104; ;12;ÿ;2;ò;3;
4;7;6;161; ;19;ÿ;4;ò;7;
4;7;7;121; ;17;ÿ;1;ò;5;
4;7;8;185; ;27;ÿ;3;ò;10;
4;7;9;164; ;20;ÿ;4;ò;7;
4;7;10;385; ;62;ÿ;5;ò;22;
4;8;1;154; ;21;ÿ;4;ò;4;
4;8;2;98; ;13;ÿ;3;ò;3;
4;8;3;764; ;119;ÿ;19;ò;26;
4;8;4;296; ;47;ÿ;8;ò;7;
4;8;5;122; ;19;ÿ;3;ò;6;
4;8;6;69; ;7;ÿ;0;ò;0;
4;8;7;47; ;3;ÿ;0;ò;1;
4;8;8;83; ;8;ÿ;0;ò;4;
4;8;9;109; ;15;ÿ;2;ò;2;
4;8;10;396; ;53;ÿ;7;ò;9;
4;9;1;38; ;1;ÿ;0;ò;1;
4;9;2;34; ;0;ÿ;0;ò;1;
4;9;3;54; ;3;ÿ;0;ò;0;
4;9;4;238; ;29;ÿ;2;ò;5;
4;9;5;43; ;2;ÿ;0;ò;0;
4;9;6;61; ;4;ÿ;0;ò;1;
4;9;7;326; ;42;ÿ;8;ò;11;
4;9;8;120; ;11;ÿ;1;ò;1;
4;9;9;142; ;14;ÿ;3;ò;4;
4;9;10;110; ;11;ÿ;0;ò;2;
4;10;1;35; ;0;ÿ;0;ò;1;
5;0;2;74; ;7;ÿ;0;ò;0;
5;0;3;135; ;17;ÿ;3;ò;6;
5;0;4;52; ;4;ÿ;0;ò;1;
5;0;5;173; ;20;ÿ;5;ò;5;
5;0;6;48; ;2;ÿ;0;ò;1;
5;0;7;296; ;39;ÿ;10;ò;5;
5;0;8;52; ;3;ÿ;0;ò;1;
5;0;9;44; ;1;ÿ;1;ò;1;
5;0;10;73; ;7;ÿ;1;ò;7;
5;1;1;47; ;2;ÿ;0;ò;1;
5;1;2;98; ;10;ÿ;2;ò;5;
5;1;3;115; ;14;ÿ;5;ò;2;
5;1;4;92; ;8;ÿ;0;ò;2;
5;1;5;45; ;2;ÿ;2;ò;0;
5;1;6;288; ;38;ÿ;5;ò;10;
5;1;7;45; ;1;ÿ;0;ò;0;
5;1;8;149; ;19;ÿ;1;ò;4;
5;1;9;79; ;8;ÿ;0;ò;1;
5;1;10;70; ;6;ÿ;1;ò;2;
5;2;1;151; ;17;ÿ;2;ò;7;
5;2;2;99; ;11;ÿ;1;ò;4;
5;2;3;410; ;58;ÿ;6;ò;16;
5;2;4;115; ;12;ÿ;2;ò;5;
5;2;5;160; ;21;ÿ;2;ò;7;
5;2;6;60; ;5;ÿ;0;ò;1;
5;2;7;73; ;7;ÿ;0;ò;1;
5;2;8;87; ;11;ÿ;1;ò;3;
5;2;9;63; ;6;ÿ;1;ò;5;
5;2;10;357; ;53;ÿ;13;ò;16;
5;3;1;213; ;30;ÿ;1;ò;11;
5;3;2;38; ;1;ÿ;0;ò;0;
5;3;3;96; ;11;ÿ;1;ò;1;
5;3;4;37; ;1;ÿ;1;ò;0;
5;3;5;91; ;10;ÿ;2;ò;1;
5;3;6;70; ;7;ÿ;1;ò;3;
5;3;7;124; ;16;ÿ;1;ò;5;
5;3;8;173; ;23;ÿ;2;ò;10;
5;3;9;38; ;2;ÿ;0;ò;0;
5;3;10;352; ;57;ÿ;2;ò;12;
5;4;1;158; ;23;ÿ;2;ò;8;
5;4;2;268; ;42;ÿ;3;ò;10;
5;4;3;243; ;32;ÿ;7;ò;7;
5;4;4;67; ;3;ÿ;0;ò;0;
5;4;5;54; ;3;ÿ;1;ò;1;
5;4;6;51; ;3;ÿ;2;ò;1;
5;4;7;58; ;3;ÿ;1;ò;3;
5;4;8;41; ;3;ÿ;2;ò;0;
5;4;9;64; ;5;ÿ;1;ò;2;
5;4;10;79; ;6;ÿ;1;ò;3;
5;5;1;70; ;6;ÿ;2;ò;0;
5;5;2;81; ;6;ÿ;3;ò;0;
5;5;3;122; ;14;ÿ;0;ò;4;
5;5;4;81; ;8;ÿ;2;ò;1;
5;5;5;98; ;8;ÿ;3;ò;4;
5;5;6;180; ;23;ÿ;2;ò;6;
5;5;7;573; ;91;ÿ;8;ò;23;
5;5;8;463; ;67;ÿ;10;ò;23;
5;5;9;150; ;18;ÿ;3;ò;5;
5;5;10;111; ;12;ÿ;4;ò;6;
5;6;1;111; ;13;ÿ;2;ò;0;
5;6;2;163; ;19;ÿ;2;ò;3;
5;6;3;626; ;96;ÿ;8;ò;17;
5;6;4;152; ;18;ÿ;3;ò;6;
5;6;5;352; ;53;ÿ;9;ò;11;
5;6;6;191; ;23;ÿ;6;ò;5;
5;6;7;130; ;16;ÿ;1;ò;1;
5;6;8;79; ;6;ÿ;0;ò;0;
5;6;9;51; ;2;ÿ;0;ò;0;
5;6;10;33; ;0;ÿ;0;ò;0;
5;7;1;240; ;35;ÿ;5;ò;5;
5;7;2;215; ;32;ÿ;4;ò;7;
5;7;3;107; ;13;ÿ;2;ò;0;
5;7;4;53; ;4;ÿ;0;ò;0;
5;7;5;69; ;7;ÿ;0;ò;1;
5;7;6;35; ;1;ÿ;0;ò;1;
5;7;7;52; ;3;ÿ;0;ò;1;
5;7;8;283; ;40;ÿ;6;ò;14;
5;7;9;45; ;1;ÿ;0;ò;0;
5;7;10;469; ;69;ÿ;7;ò;17;
5;8;1;68; ;5;ÿ;4;ò;2;
5;8;2;255; ;37;ÿ;7;ò;13;
5;8;3;56; ;5;ÿ;0;ò;0;
5;8;4;110; ;14;ÿ;3;ò;2;
5;8;5;164; ;22;ÿ;6;ò;2;
5;8;6;36; ;0;ÿ;0;ò;0;
5;8;7;104; ;12;ÿ;2;ò;0;
5;8;8;231; ;33;ÿ;2;ò;6;
5;8;9;281; ;40;ÿ;6;ò;8;
5;8;10;44; ;1;ÿ;1;ò;0;
5;9;1;59; ;5;ÿ;0;ò;0;
5;9;2;65; ;3;ÿ;1;ò;2;
5;9;3;22; ;0;ÿ;0;ò;0;
5;9;4;25; ;2;ÿ;0;ò;0;
5;9;5;4; ;1;ÿ;0;ò;0;
5;9;6;9; ;0;ÿ;0;ò;0;
5;9;7;4; ;0;ÿ;0;ò;0;
5;9;8;11; ;0;ÿ;0;ò;0;
5;9;9;199; ;27;ÿ;6;ò;9;
5;9;10;328; ;43;ÿ;7;ò;19;
5;10;1;161; ;21;ÿ;3;ò;8;
6;0;2;155; ;16;ÿ;1;ò;2;
6;0;3;88; ;9;ÿ;2;ò;3;
6;0;4;84; ;7;ÿ;1;ò;7;
6;0;5;187; ;28;ÿ;4;ò;4;
6;0;6;60; ;4;ÿ;0;ò;1;
6;0;7;113; ;15;ÿ;3;ò;4;
6;0;8;273; ;37;ÿ;2;ò;14;
6;0;9;346; ;50;ÿ;4;ò;20;
6;0;10;99; ;10;ÿ;4;ò;4;
6;1;1;119; ;13;ÿ;1;ò;6;
6;1;2;129; ;13;ÿ;5;ò;6;
6;1;3;359; ;49;ÿ;6;ò;12;
6;1;4;101; ;11;ÿ;0;ò;3;
6;1;5;213; ;24;ÿ;2;ò;4;
6;1;6;79; ;6;ÿ;0;ò;2;
6;1;7;81; ;7;ÿ;0;ò;3;
6;1;8;93; ;12;ÿ;2;ò;2;
6;1;9;48; ;2;ÿ;0;ò;0;
6;1;10;218; ;27;ÿ;5;ò;9;
6;2;1;922; ;156;ÿ;15;ò;45;
6;2;2;62; ;5;ÿ;2;ò;1;
6;2;3;44; ;2;ÿ;0;ò;1;
6;2;4;80; ;6;ÿ;0;ò;2;
6;2;5;284; ;39;ÿ;3;ò;9;
6;2;6;733; ;116;ÿ;15;ò;32;
6;2;7;51; ;4;ÿ;0;ò;0;
6;2;8;60; ;4;ÿ;1;ò;3;
6;2;9;77; ;4;ÿ;1;ò;1;
6;2;10;294; ;45;ÿ;8;ò;12;
6;3;1;66; ;4;ÿ;2;ò;0;
6;3;2;89; ;11;ÿ;3;ò;2;
6;3;3;73; ;7;ÿ;0;ò;2;
6;3;4;196; ;30;ÿ;3;ò;7;
6;3;5;159; ;21;ÿ;3;ò;8;
6;3;6;146; ;20;ÿ;1;ò;5;
6;3;7;43; ;2;ÿ;2;ò;1;
6;3;8;44; ;2;ÿ;1;ò;1;
6;3;9;134; ;18;ÿ;1;ò;6;
6;3;10;52; ;2;ÿ;2;ò;1;
6;4;1;284; ;45;ÿ;4;ò;16;
6;4;2;37; ;1;ÿ;0;ò;1;
6;4;3;152; ;21;ÿ;3;ò;6;
6;4;4;125; ;17;ÿ;3;ò;4;
6;4;5;52; ;3;ÿ;1;ò;1;
6;4;6;124; ;17;ÿ;1;ò;5;
6;4;7;248; ;35;ÿ;3;ò;9;
6;4;8;49; ;2;ÿ;0;ò;0;
6;4;9;45; ;1;ÿ;1;ò;1;
6;4;10;337; ;42;ÿ;12;ò;16;
6;5;1;139; ;19;ÿ;1;ò;5;
6;5;2;75; ;8;ÿ;0;ò;2;
6;5;3;522; ;71;ÿ;5;ò;24;
6;5;4;105; ;13;ÿ;4;ò;6;
6;5;5;764; ;113;ÿ;15;ò;38;
6;5;6;315; ;44;ÿ;6;ò;17;
6;5;7;884; ;142;ÿ;16;ò;51;
6;5;8;86; ;9;ÿ;1;ò;5;
6;5;9;486; ;67;ÿ;4;ò;12;
6;5;10;215; ;32;ÿ;7;ò;8;
6;6;1;79; ;6;ÿ;0;ò;3;
6;6;2;120; ;17;ÿ;2;ò;2;
6;6;3;135; ;14;ÿ;2;ò;3;
6;6;4;83; ;10;ÿ;2;ò;3;
6;6;5;98; ;11;ÿ;1;ò;3;
6;6;6;69; ;6;ÿ;0;ò;1;
6;6;7;80; ;7;ÿ;2;ò;0;
6;6;8;202; ;28;ÿ;3;ò;8;
6;6;9;69; ;5;ÿ;0;ò;0;
6;6;10;58; ;3;ÿ;1;ò;3;
6;7;1;43; ;2;ÿ;0;ò;1;
6;7;2;325; ;49;ÿ;6;ò;19;
6;7;3;22; ;0;ÿ;0;ò;0;
6;7;4;140; ;17;ÿ;3;ò;2;
6;7;5;75; ;5;ÿ;0;ò;2;
6;7;6;152; ;17;ÿ;2;ò;7;
6;7;7;148; ;14;ÿ;3;ò;4;
6;7;8;38; ;0;ÿ;0;ò;0;
6;7;9;197; ;28;ÿ;4;ò;6;
6;7;10;68; ;6;ÿ;0;ò;1;
6;8;1;110; ;13;ÿ;0;ò;3;
6;8;2;841; ;120;ÿ;16;ò;36;
6;8;3;355; ;48;ÿ;9;ò;4;
6;8;4;65; ;3;ÿ;0;ò;1;
6;8;5;93; ;6;ÿ;0;ò;0;
6;8;6;145; ;16;ÿ;5;ò;4;
6;8;7;143; ;13;ÿ;3;ò;3;
6;8;8;336; ;49;ÿ;8;ò;10;
6;8;9;332; ;43;ÿ;3;ò;16;
6;8;10;180; ;24;ÿ;5;ò;4;
6;9;1;236; ;30;ÿ;2;ò;2;
6;9;2;42; ;1;ÿ;0;ò;1;
6;9;3;142; ;18;ÿ;6;ò;3;
6;9;4;171; ;23;ÿ;5;ò;6;
6;9;5;114; ;15;ÿ;2;ò;2;
6;9;6;97; ;10;ÿ;2;ò;2;
6;9;7;61; ;3;ÿ;1;ò;1;
6;9;8;146; ;17;ÿ;6;ò;5;
6;9;9;490; ;70;ÿ;10;ò;15;
6;9;10;82; ;4;ÿ;1;ò;1;
6;10;1;151; ;21;ÿ;4;ò;1;
7;0;2;39; ;0;ÿ;0;ò;0;
7;0;3;125; ;13;ÿ;1;ò;2;
7;0;4;50; ;3;ÿ;0;ò;0;
7;0;5;226; ;35;ÿ;2;ò;8;
7;0;6;122; ;14;ÿ;1;ò;3;
7;0;7;94; ;10;ÿ;2;ò;2;
7;0;8;143; ;19;ÿ;4;ò;5;
7;0;9;64; ;6;ÿ;1;ò;1;
7;0;10;35; ;0;ÿ;0;ò;1;
7;1;1;33; ;0;ÿ;0;ò;0;
7;1;2;40; ;0;ÿ;0;ò;0;
7;1;3;37; ;0;ÿ;0;ò;0;
7;1;4;164; ;22;ÿ;2;ò;4;
7;1;5;101; ;10;ÿ;3;ò;1;
7;1;6;35; ;1;ÿ;0;ò;0;
7;1;7;89; ;8;ÿ;1;ò;5;
7;1;8;69; ;7;ÿ;0;ò;0;
7;1;9;65; ;6;ÿ;1;ò;2;
7;1;10;89; ;8;ÿ;1;ò;5;
7;2;1;162; ;20;ÿ;1;ò;10;
7;2;2;118; ;18;ÿ;4;ò;2;
7;2;3;129; ;15;ÿ;0;ò;4;
7;2;4;108; ;13;ÿ;2;ò;2;
7;2;5;40; ;1;ÿ;2;ò;1;
7;2;6;34; ;0;ÿ;0;ò;1;
7;2;7;49; ;2;ÿ;2;ò;1;
7;2;8;131; ;18;ÿ;0;ò;5;
7;2;9;191; ;29;ÿ;0;ò;8;
7;2;10;277; ;48;ÿ;5;ò;7;
7;3;1;50; ;3;ÿ;0;ò;3;
7;3;2;374; ;57;ÿ;9;ò;7;
7;3;3;88; ;6;ÿ;0;ò;3;
7;3;4;84; ;9;ÿ;1;ò;0;
7;3;5;78; ;8;ÿ;0;ò;4;
7;3;6;47; ;2;ÿ;1;ò;3;
7;3;7;97; ;8;ÿ;1;ò;3;
7;3;8;81; ;9;ÿ;1;ò;3;
7;3;9;128; ;18;ÿ;1;ò;2;
7;3;10;110; ;12;ÿ;2;ò;5;
7;4;1;430; ;64;ÿ;8;ò;11;
7;4;2;291; ;42;ÿ;1;ò;18;
7;4;3;126; ;16;ÿ;4;ò;2;
7;4;4;60; ;3;ÿ;0;ò;2;
7;4;5;132; ;15;ÿ;0;ò;4;
7;4;6;52; ;3;ÿ;2;ò;0;
7;4;7;55; ;2;ÿ;2;ò;3;
7;4;8;235; ;36;ÿ;8;ò;4;
7;4;9;58; ;3;ÿ;1;ò;0;
7;4;10;91; ;10;ÿ;1;ò;1;
7;5;1;49; ;2;ÿ;0;ò;0;
7;5;2;147; ;21;ÿ;6;ò;2;
7;5;3;62; ;4;ÿ;1;ò;1;
7;5;4;140; ;18;ÿ;1;ò;5;
7;5;5;52; ;4;ÿ;1;ò;0;
7;5;6;40; ;1;ÿ;0;ò;2;
7;5;7;450; ;69;ÿ;12;ò;17;
7;5;8;58; ;3;ÿ;0;ò;3;
7;5;9;133; ;19;ÿ;4;ò;2;
7;5;10;56; ;2;ÿ;1;ò;4;
7;6;1;101; ;15;ÿ;2;ò;2;
7;6;2;44; ;2;ÿ;0;ò;0;
7;6;3;110; ;13;ÿ;2;ò;3;
7;6;4;599; ;90;ÿ;12;ò;27;
7;6;5;219; ;26;ÿ;1;ò;6;
7;6;6;62; ;3;ÿ;0;ò;0;
7;6;7;22; ;0;ÿ;0;ò;0;
7;6;8;25; ;2;ÿ;0;ò;0;
7;6;9;4; ;1;ÿ;0;ò;0;
7;6;10;8; ;0;ÿ;0;ò;0;
7;7;1;4; ;0;ÿ;0;ò;0;
7;7;2;11; ;0;ÿ;0;ò;0;
7;7;3;306; ;44;ÿ;7;ò;9;
7;7;4;212; ;26;ÿ;8;ò;9;
7;7;5;672; ;98;ÿ;8;ò;26;
7;7;6;212; ;26;ÿ;3;ò;7;
7;7;7;176; ;24;ÿ;1;ò;8;
7;7;8;247; ;38;ÿ;3;ò;11;
7;7;9;47; ;1;ÿ;0;ò;0;
7;7;10;211; ;25;ÿ;4;ò;7;
7;8;1;408; ;55;ÿ;8;ò;22;
7;8;2;54; ;3;ÿ;0;ò;1;
7;8;3;110; ;11;ÿ;1;ò;5;
7;8;4;200; ;22;ÿ;1;ò;7;
7;8;5;377; ;56;ÿ;4;ò;18;
7;8;6;274; ;43;ÿ;4;ò;7;
7;8;7;206; ;26;ÿ;7;ò;8;
7;8;8;48; ;3;ÿ;1;ò;0;
7;8;9;45; ;2;ÿ;1;ò;0;
7;8;10;257; ;38;ÿ;3;ò;9;
7;9;1;67; ;7;ÿ;0;ò;1;
7;9;2;2384; ;386;ÿ;34;ò;104;
7;9;3;164; ;21;ÿ;5;ò;6;
7;9;4;22; ;0;ÿ;0;ò;0;
7;9;5;415; ;62;ÿ;5;ò;13;
7;9;6;153; ;16;ÿ;0;ò;4;
7;9;7;58; ;5;ÿ;0;ò;2;
7;9;8;80; ;8;ÿ;4;ò;2;
7;9;9;59; ;5;ÿ;1;ò;1;
7;9;10;48; ;2;ÿ;2;ò;0;
7;10;1;115; ;14;ÿ;0;ò;5;
8;0;2;56; ;5;ÿ;0;ò;1;
8;0;3;138; ;15;ÿ;3;ò;5;
8;0;4;123; ;16;ÿ;0;ò;4;
8;0;5;297; ;43;ÿ;9;ò;9;
8;0;6;257; ;35;ÿ;5;ò;9;
8;0;7;120; ;14;ÿ;1;ò;3;
8;0;8;158; ;21;ÿ;2;ò;4;
8;0;9;35; ;0;ÿ;0;ò;0;
8;0;10;41; ;1;ÿ;0;ò;1;
8;1;1;35; ;0;ÿ;0;ò;0;
8;1;2;86; ;7;ÿ;1;ò;3;
8;1;3;36; ;0;ÿ;0;ò;0;
8;1;4;41; ;1;ÿ;0;ò;1;
8;1;5;38; ;0;ÿ;0;ò;0;
8;1;6;43; ;2;ÿ;0;ò;1;
8;1;7;33; ;0;ÿ;0;ò;0;
8;1;8;41; ;1;ÿ;0;ò;1;
8;1;9;58; ;4;ÿ;0;ò;2;
8;1;10;100; ;12;ÿ;2;ò;4;
8;2;1;257; ;43;ÿ;7;ò;5;
8;2;2;42; ;1;ÿ;1;ò;0;
8;2;3;426; ;70;ÿ;17;ò;9;
8;2;4;110; ;12;ÿ;3;ò;4;
8;2;5;47; ;2;ÿ;0;ò;2;
8;2;6;162; ;23;ÿ;4;ò;5;
8;2;7;60; ;3;ÿ;1;ò;3;
8;2;8;48; ;3;ÿ;2;ò;0;
8;2;9;74; ;8;ÿ;1;ò;3;
8;2;10;67; ;5;ÿ;2;ò;1;
8;3;1;141; ;16;ÿ;5;ò;5;
8;3;2;65; ;6;ÿ;1;ò;3;
8;3;3;124; ;17;ÿ;2;ò;6;
8;3;4;101; ;14;ÿ;3;ò;1;
8;3;5;72; ;5;ÿ;1;ò;4;
8;3;6;44; ;1;ÿ;0;ò;1;
8;3;7;65; ;5;ÿ;0;ò;3;
8;3;8;90; ;9;ÿ;1;ò;2;
8;3;9;46; ;3;ÿ;1;ò;2;
8;3;10;82; ;11;ÿ;1;ò;0;
8;4;1;191; ;30;ÿ;7;ò;6;
8;4;2;116; ;10;ÿ;3;ò;0;
8;4;3;280; ;37;ÿ;8;ò;18;
8;4;4;296; ;43;ÿ;9;ò;8;
8;4;5;111; ;14;ÿ;2;ò;3;
8;4;6;93; ;10;ÿ;3;ò;2;
8;4;7;37; ;0;ÿ;0;ò;0;
8;4;8;49; ;3;ÿ;3;ò;0;
8;4;9;146; ;19;ÿ;2;ò;10;
8;4;10;92; ;12;ÿ;2;ò;3;
8;5;1;58; ;4;ÿ;0;ò;3;
8;5;2;40; ;1;ÿ;0;ò;0;
8;5;3;171; ;22;ÿ;3;ò;9;
8;5;4;22; ;0;ÿ;0;ò;0;
8;5;5;154; ;20;ÿ;3;ò;5;
8;5;6;158; ;13;ÿ;2;ò;3;
8;5;7;64; ;4;ÿ;2;ò;1;
8;5;8;192; ;26;ÿ;7;ò;11;
8;5;9;99; ;12;ÿ;1;ò;2;
8;5;10;218; ;30;ÿ;3;ò;5;
8;6;1;350; ;47;ÿ;7;ò;19;
8;6;2;38; ;0;ÿ;0;ò;0;
8;6;3;34; ;0;ÿ;0;ò;0;
8;6;4;52; ;1;ÿ;0;ò;2;
8;6;5;179; ;18;ÿ;1;ò;5;
8;6;6;224; ;34;ÿ;5;ò;10;
8;6;7;87; ;10;ÿ;2;ò;3;
8;6;8;114; ;15;ÿ;1;ò;5;
8;6;9;388; ;53;ÿ;6;ò;14;
8;6;10;972; ;148;ÿ;8;ò;35;
8;7;1;132; ;14;ÿ;3;ò;6;
8;7;2;1189; ;196;ÿ;18;ò;57;
8;7;3;126; ;16;ÿ;0;ò;7;
8;7;4;74; ;3;ÿ;1;ò;2;
8;7;5;1430; ;236;ÿ;22;ò;59;
8;7;6;270; ;39;ÿ;9;ò;13;
8;7;7;54; ;3;ÿ;0;ò;1;
8;7;8;291; ;42;ÿ;3;ò;12;
8;7;9;64; ;5;ÿ;0;ò;1;
8;7;10;139; ;18;ÿ;2;ò;6;
8;8;1;59; ;5;ÿ;0;ò;0;
8;8;2;48; ;2;ÿ;0;ò;0;
8;8;3;496; ;81;ÿ;5;ò;19;
8;8;4;46; ;1;ÿ;0;ò;0;
8;8;5;119; ;17;ÿ;0;ò;2;
8;8;6;59; ;4;ÿ;0;ò;0;
8;8;7;83; ;8;ÿ;1;ò;3;
8;8;8;84; ;10;ÿ;1;ò;6;
8;8;9;469; ;75;ÿ;8;ò;17;
8;8;10;126; ;15;ÿ;3;ò;4;
8;9;1;74; ;10;ÿ;0;ò;2;
8;9;2;22; ;0;ÿ;0;ò;0;
8;9;3;165; ;20;ÿ;2;ò;3;
8;9;4;134; ;19;ÿ;0;ò;3;
8;9;5;56; ;3;ÿ;1;ò;3;
8;9;6;105; ;14;ÿ;0;ò;1;
8;9;7;59; ;5;ÿ;1;ò;0;
8;9;8;36; ;0;ÿ;0;ò;1;
8;9;9;121; ;15;ÿ;2;ò;4;
8;9;10;97; ;11;ÿ;0;ò;3;
8;10;1;46; ;3;ÿ;0;ò;0;
9;0;2;196; ;26;ÿ;3;ò;13;
9;0;3;37; ;1;ÿ;0;ò;1;
9;0;4;139; ;19;ÿ;2;ò;12;
9;0;5;160; ;16;ÿ;1;ò;6;
9;0;6;48; ;1;ÿ;0;ò;1;
9;0;7;291; ;42;ÿ;5;ò;10;
9;0;8;93; ;6;ÿ;0;ò;3;
9;0;9;153; ;16;ÿ;1;ò;1;
9;0;10;141; ;18;ÿ;0;ò;3;
9;1;1;65; ;3;ÿ;0;ò;1;
9;1;2;125; ;17;ÿ;2;ò;4;
9;1;3;49; ;3;ÿ;0;ò;2;
9;1;4;44; ;2;ÿ;2;ò;0;
9;1;5;207; ;31;ÿ;1;ò;6;
9;1;6;149; ;16;ÿ;4;ò;3;
9;1;7;81; ;8;ÿ;1;ò;6;
9;1;8;135; ;18;ÿ;3;ò;1;
9;1;9;70; ;6;ÿ;1;ò;1;
9;1;10;90; ;10;ÿ;1;ò;0;
9;2;1;110; ;11;ÿ;2;ò;5;
9;2;2;238; ;36;ÿ;1;ò;16;
9;2;3;141; ;20;ÿ;1;ò;4;
9;2;4;245; ;35;ÿ;2;ò;3;
9;2;5;42; ;1;ÿ;0;ò;0;
9;2;6;97; ;13;ÿ;2;ò;1;
9;2;7;41; ;1;ÿ;0;ò;0;
9;2;8;175; ;21;ÿ;3;ò;4;
9;2;9;123; ;12;ÿ;3;ò;1;
9;2;10;481; ;78;ÿ;13;ò;20;
9;3;1;44; ;1;ÿ;0;ò;0;
9;3;2;139; ;17;ÿ;2;ò;3;
9;3;3;42; ;1;ÿ;0;ò;0;
9;3;4;93; ;11;ÿ;0;ò;3;
9;3;5;68; ;5;ÿ;0;ò;1;
9;3;6;40; ;2;ÿ;0;ò;1;
9;3;7;60; ;6;ÿ;1;ò;0;
9;3;8;114; ;13;ÿ;1;ò;4;
9;3;9;81; ;10;ÿ;0;ò;2;
9;3;10;70; ;6;ÿ;1;ò;0;
9;4;1;216; ;33;ÿ;3;ò;9;
9;4;2;88; ;10;ÿ;1;ò;1;
9;4;3;147; ;21;ÿ;3;ò;2;
9;4;4;203; ;29;ÿ;5;ò;6;
9;4;5;22; ;0;ÿ;0;ò;0;
9;4;6;25; ;2;ÿ;0;ò;0;
9;4;7;4; ;1;ÿ;0;ò;0;
9;4;8;9; ;0;ÿ;0;ò;0;
9;4;9;4; ;0;ÿ;0;ò;0;
9;4;10;11; ;0;ÿ;0;ò;0;
9;5;1;343; ;44;ÿ;6;ò;11;
9;5;2;311; ;38;ÿ;9;ò;14;
9;5;3;143; ;19;ÿ;3;ò;4;
9;5;4;142; ;15;ÿ;1;ò;5;
9;5;5;134; ;17;ÿ;5;ò;3;
9;5;6;84; ;7;ÿ;0;ò;5;
9;5;7;73; ;8;ÿ;1;ò;3;
9;5;8;53; ;3;ÿ;2;ò;2;
9;5;9;46; ;3;ÿ;2;ò;1;
9;5;10;69; ;6;ÿ;1;ò;1;
9;6;1;58; ;4;ÿ;0;ò;2;
9;6;2;244; ;33;ÿ;1;ò;9;
9;6;3;64; ;8;ÿ;2;ò;1;
9;6;4;54; ;4;ÿ;0;ò;1;
9;6;5;219; ;30;ÿ;2;ò;7;
9;6;6;51; ;3;ÿ;0;ò;1;
9;6;7;138; ;16;ÿ;4;ò;2;
9;6;8;1106; ;155;ÿ;24;ò;55;
9;6;9;477; ;68;ÿ;7;ò;20;
9;6;10;259; ;32;ÿ;4;ò;12;
9;7;1;631; ;98;ÿ;12;ò;31;
9;7;2;58; ;6;ÿ;0;ò;2;
9;7;3;126; ;13;ÿ;1;ò;5;
9;7;4;44; ;2;ÿ;0;ò;1;
9;7;5;40; ;0;ÿ;0;ò;1;
9;7;6;487; ;74;ÿ;6;ò;31;
9;7;7;86; ;8;ÿ;2;ò;2;
9;7;8;86; ;6;ÿ;0;ò;3;
9;7;9;163; ;23;ÿ;2;ò;6;
9;7;10;79; ;8;ÿ;2;ò;1;
9;8;1;54; ;4;ÿ;0;ò;1;
9;8;2;66; ;5;ÿ;1;ò;0;
9;8;3;285; ;48;ÿ;8;ò;12;
9;8;4;634; ;97;ÿ;10;ò;32;
9;8;5;22; ;0;ÿ;0;ò;0;
9;8;6;51; ;4;ÿ;1;ò;2;
9;8;7;51; ;4;ÿ;1;ò;1;
9;8;8;52; ;4;ÿ;1;ò;2;
9;8;9;54; ;4;ÿ;0;ò;2;
9;8;10;22; ;0;ÿ;0;ò;0;
9;9;1;76; ;6;ÿ;1;ò;3;
9;9;2;22; ;0;ÿ;0;ò;0;
9;9;3;54; ;3;ÿ;2;ò;2;
9;9;4;51; ;3;ÿ;0;ò;0;
9;9;5;49; ;5;ÿ;2;ò;0;
9;9;6;49; ;4;ÿ;0;ò;0;
9;9;7;22; ;0;ÿ;0;ò;0;
9;9;8;76; ;7;ÿ;1;ò;3;
9;9;9;22; ;0;ÿ;0;ò;0;
9;9;10;55; ;4;ÿ;1;ò;3;
9;10;1;51; ;3;ÿ;1;ò;2;
10;0;2;56; ;5;ÿ;0;ò;1;
